world_rank,university_name,country,teaching_rating,inter_outlook_rating,research_rating,citations_rating,industry_income_rating,total_score,num_students,student_staff_ratio,inter_students,female_students,year
1,Harvard University,United States of America,99.7,72.4,98.7,98.8,34.5,96.1,20152,8.9,25,,2011
2,California Institute of Technology,United States of America,97.7,54.6,98,99.9,83.7,96,2243,6.9,27,33,2011
3,Massachusetts Institute of Technology,United States of America,97.8,82.3,91.4,99.9,87.5,95.6,11074,9,33,37,2011
4,Stanford University,United States of America,98.3,29.5,98.1,99.2,64.3,94.3,15596,7.8,22,42,2011
5,Princeton University,United States of America,90.9,70.3,95.4,99.9,,94.2,7929,8.4,27,45,2011
8,"University of California, Berkeley",United States of America,84.2,39.6,99.3,97.8,,91.1,36186,16.4,15,50,2011
10,Yale University,United States of America,92.1,59.2,89.7,91.5,,89.5,11751,4.4,20,50,2011
11,"University of California, Los Angeles",United States of America,83,48.1,92.9,93.2,,87.7,38206,10.3,15,52,2011
12,University of Chicago,United States of America,79.1,62.8,87.9,96.9,,86.9,14221,6.9,21,42,2011
13,Johns Hopkins University,United States of America,80.9,58.5,89.2,92.3,100,86.4,15128,3.6,23,50,2011
14,Cornell University,United States of America,82.2,62.4,88.8,88.1,34.7,83.9,21424,10.2,19,48,2011
15,University of Michigan,United States of America,83.9,53.3,89.1,84.1,59.6,83.4,41786,9,16,48,2011
18,Columbia University,United States of America,73.8,90.9,73.8,92.6,,81,25055,5.9,28,,2011
19,University of Pennsylvania,United States of America,71.8,32.9,82.7,93.6,43.7,79.5,20376,6.5,20,51,2011
20,Carnegie Mellon University,United States of America,70.3,39.1,79.3,95.7,53.7,79.3,11885,13.1,35,39,2011
23,University of Washington,United States of America,68.2,49,77.1,95.9,32.8,78,44020,11.8,13,53,2011
24,Duke University,United States of America,66.8,49.4,71.5,92.3,100,76.5,15172,4.8,17,49,2011
25,Northwestern University,United States of America,64.5,60.5,68.8,95.3,,75.9,18334,13.8,15,48,2011
27,Georgia Institute of Technology,United States of America,67.9,73.2,72.6,83.2,95.1,75.3,19967,20.1,26,31,2011
29,"University of California, Santa Barbara",United States of America,56.6,64.3,68,98.8,89.8,75,22020,27.3,11,52,2011
30,University of North Carolina at Chapel Hill,United States of America,70.9,21.5,75.1,85,50.2,73.8,26518,7.3,8,58,2011
32,"University of California, San Diego",United States of America,59.8,31.6,76.3,90.8,51.8,73.2,27233,6.5,11,48,2011
33,University of Illinois at Urbana-Champaign,United States of America,68.1,55.9,80.9,72.9,,73,42727,18.7,20,47,2011
38,Washington University in St Louis,United States of America,58.9,56.4,63,88.6,,69.9,12528,5.7,17,,2011
43,University of Wisconsin,United States of America,55.5,43.7,64.6,83.4,,67,,,,,2011
47,Rice University,United States of America,57.4,31.2,50.6,99.1,29.2,66.9,6333,9,26,44,2011
49,"University of California, Irvine",United States of America,49.4,66.3,54.7,91.6,,66,26614,16.1,16,52,2011
51,Vanderbilt University,United States of America,64.9,22.1,59.5,78.1,84.2,65.9,12161,3.6,10,52,2011
52,University of Minnesota,United States of America,57.6,23,69.1,76.4,,65.6,46825,18,13,52,2011
53,Tufts University,United States of America,64.1,28.3,52.3,83.9,,65.2,10410,10,14,54,2011
54,"University of California, Davis",United States of America,57.3,60.5,70.7,68.8,48,65,35364,13.9,13,54,2011
55,Brown University,United States of America,59.7,60.5,57,77.7,,64.9,8653,10.1,19,,2011
56,University of Massachusetts,United States of America,61.3,22.6,72.6,67.9,53.9,64.7,56959,13,11,49,2011
59,Boston University,United States of America,53.6,38.1,51.9,91.4,29.6,64,24789,8.6,17,58,2011
60,New York University,United States of America,62,31.8,50.7,82.9,,63.9,42056,6.8,19,55,2011
61,Emory University,United States of America,63.4,52.3,48.4,77.8,,63,12338,4.5,18,56,2011
63,University of Notre Dame,United States of America,56.4,35.6,45.1,89.1,,62.8,11829,13.8,10,44,2011
64,University of Pittsburgh,United States of America,58.5,25.2,58.3,78.3,37.9,62.7,26485,5.8,10,51,2011
65,Case Western Reserve University,United States of America,67.2,56.5,53.8,66,,62.2,9259,6.4,17,48,2011
66,Ohio State University,United States of America,63.5,64,54.9,67.2,,62.1,51462,13.4,12,49,2011
67,University of Colorado Boulder,United States of America,46.4,31.7,58.1,83.4,,61.6,29325,16.1,8,45,2011
68,"University of California, Santa Cruz",United States of America,38.3,16.7,50.4,99.6,,61.4,17404,22.7,1,53,2011
68,Yeshiva University,United States of America,63.5,53.3,46.7,74.4,,61.4,6753,5.5,7,53,2011
72,University of Virginia,United States of America,62,42.2,55.4,68.6,,61.1,23845,10.2,12,52,2011
73,University of Southern California,United States of America,65.4,31.2,48.7,71.9,,60.7,36534,12.9,20,52,2011
75,William & Mary,United States of America,53.1,20.9,36.1,95.6,,60.4,7867,11.8,7,54,2011
78,Stony Brook University,United States of America,48.5,52.2,43.6,85.8,,59.6,21908,10.9,24,50,2011
83,University of Utah,United States of America,55.8,22.5,54.2,72,,59,25674,16.9,9,45,2011
90,Wake Forest University,United States of America,54.6,24.4,42.9,79.2,,57.7,7326,4.6,5,51,2011
95,George Washington University,United States of America,60.6,39.6,43.1,70.2,,57.3,20541,12,16,56,2011
95,University of Arizona,United States of America,52.4,21.9,52.2,70.1,84.2,57.3,36429,12.7,8,52,2011
98,"University of Maryland, College Park",United States of America,45.4,35.4,48.6,79.2,,57.2,31331,8.4,9,48,2011
99,Dartmouth College,United States of America,44.7,31,49.2,79.7,,57.1,6178,6.6,16,47,2011
104,Rensselaer Polytechnic Institute,United States of America,50.5,48,54.6,64.9,,56.4,6671,15,16,30,2011
105,"Rutgers, the State University of New Jersey",United States of America,53.4,26.8,64.7,55.7,,56.3,37032,17.3,8,51,2011
106,Purdue University,United States of America,57,62.6,67.8,43.9,,56.2,39256,18.1,22,42,2011
109,Pennsylvania State University,United States of America,46.3,19.9,49.2,77.6,44,56,44501,12.4,12,46,2011
115,University of Hawaiâi at MÄnoa,United States of America,38.3,34.2,47.6,81,,55.2,,,,,2011
117,"University of California, Riverside",United States of America,38.6,63,47.4,78.3,30.5,55.1,20626,22,12,51,2011
122,Michigan State University,United States of America,50.4,30.4,52.7,63.7,,54.5,44750,15.7,15,51,2011
132,University of Iowa,United States of America,48.6,31.7,59.8,54.8,,53.3,27526,11.6,11,52,2011
156,Indiana University,United States of America,48.5,37.7,42.5,63.2,,51,62468,13.6,13,53,2011
156,Iowa State University,United States of America,49.3,23.2,49.6,58.2,49.6,51,29991,17.4,11,44,2011
158,Georgia Health Sciences University,United States of America,67.3,16.3,41.7,48.9,50.1,50.7,,,,,2011
159,University of Delaware,United States of America,38.4,16.8,51.9,61.3,100,50.4,19262,15.9,10,56,2011
161,Arizona State University,United States of America,43,24.1,44.1,66.9,,50.3,83236,29.9,9,50,2011
161,Boston College,United States of America,40.1,31.6,33.6,78,,50.3,13216,17.4,19,54,2011
164,Georgetown University,United States of America,65.1,24.7,44.7,45,,50.1,15408,8.5,14,53,2011
190,Drexel University,United States of America,45,60.6,35.9,58.2,27.4,46.9,20713,10.8,18,48,2011
190,University of Cincinnati,United States of America,43.6,18.9,40.4,61.5,32.5,46.9,36108,15.7,6,54,2011
196,Kent State University,United States of America,33.5,15.9,33.3,76.8,26.3,46.5,23122,19,8,58,2011
197,University of Illinois at Chicago,United States of America,57.8,51.8,46.8,34.7,,46.4,24313,9.2,17,53,2011
1,California Institute of Technology,United States of America,95.7,56,98.2,99.9,97,94.8,2243,6.9,27,33,2012
2,Harvard University,United States of America,95.8,67.5,97.4,99.8,35.9,93.9,20152,8.9,25,,2012
2,Stanford University,United States of America,94.8,57.2,98.9,99.8,63.8,93.9,15596,7.8,22,42,2012
5,Princeton University,United States of America,91.5,49.6,99.1,100,81,92.9,7929,8.4,27,45,2012
7,Massachusetts Institute of Technology,United States of America,92.7,79.2,87.4,100,94.4,92.3,11074,9,33,37,2012
9,University of Chicago,United States of America,89.4,58.8,90.8,99.4,,90.2,14221,6.9,21,42,2012
10,"University of California, Berkeley",United States of America,82.8,50.4,99.4,99.4,62.5,89.8,36186,16.4,15,50,2012
11,Yale University,United States of America,92.3,55.5,91.2,96.7,34.7,89.1,11751,4.4,20,50,2012
12,Columbia University,United States of America,89.1,67.6,81.8,97.8,,87.5,25055,5.9,28,,2012
13,"University of California, Los Angeles",United States of America,85.9,41,92.5,97.3,,87.3,38206,10.3,15,52,2012
14,Johns Hopkins University,United States of America,78.9,59.9,86.5,97.3,100,85.8,15128,3.6,23,50,2012
16,University of Pennsylvania,United States of America,87,34.3,86.1,97.9,41.9,84.9,20376,6.5,20,51,2012
18,University of Michigan,United States of America,75.4,47.2,90,94.3,53.3,82.8,41786,9,16,48,2012
20,Cornell University,United States of America,70.4,53.4,87.2,93.5,,80.5,21424,10.2,19,48,2012
21,Carnegie Mellon University,United States of America,65.7,55,79.5,97.4,60.7,78.4,11885,13.1,35,39,2012
22,Duke University,United States of America,62.6,46.9,77.9,97.4,100,77.4,15172,4.8,17,49,2012
24,Georgia Institute of Technology,United States of America,66.6,65,73.8,91.9,99.2,77,19967,20.1,26,31,2012
25,University of Washington,United States of America,70.8,36.9,74,98.2,31.8,76.5,44020,11.8,13,53,2012
26,Northwestern University,United States of America,66.3,35.3,75.5,98.6,56.6,76.2,18334,13.8,15,48,2012
27,University of Wisconsin-Madison,United States of America,74.3,23.8,77.3,90.6,55.3,75.8,39655,10.8,11,51,2012
29,University of Texas at Austin,United States of America,69.5,38.8,76.1,89.6,57.7,74.9,49427,17.4,9,51,2012
31,University of Illinois at Urbana-Champaign,United States of America,67.9,50.7,81.3,81.5,,74.2,42727,18.7,20,47,2012
33,"University of California, San Diego",United States of America,61.4,31.5,72,97.8,51.8,73,27233,6.5,11,48,2012
35,"University of California, Santa Barbara",United States of America,55,52.6,65.3,99.9,85,72.1,22020,27.3,11,52,2012
38,"University of California, Davis",United States of America,68,51.4,68.7,83.4,52.5,71.2,35364,13.9,13,54,2012
41,Washington University in St Louis,United States of America,64,45.7,58.9,96.1,,70.5,12528,5.7,17,,2012
42,University of Minnesota,United States of America,66.1,25.6,72.5,85.4,,70,46825,18,13,52,2012
43,University of North Carolina at Chapel Hill,United States of America,67.6,20.2,62.6,92.6,35.5,69.3,26518,7.3,8,58,2012
44,New York University,United States of America,60.2,38.1,65.4,92.3,30.9,69,42056,6.8,19,55,2012
49,Brown University,United States of America,59.8,33.4,53.6,93.9,34.9,65.6,8653,10.1,19,,2012
51,Pennsylvania State University,United States of America,53.5,29.5,66.7,83.4,61.6,64.9,44501,12.4,12,46,2012
54,Boston University,United States of America,60.7,37.2,46.2,95.6,27.6,64.2,24789,8.6,17,58,2012
55,University of Southern California,United States of America,65.8,41.1,48.7,80.2,99.3,64,36534,12.9,20,52,2012
57,Ohio State University,United States of America,61.8,42.2,56.2,77.5,49.9,63,51462,13.4,12,49,2012
59,University of Pittsburgh,United States of America,54.3,26.5,53.9,88.7,37.5,62,26485,5.8,10,51,2012
64,University of Massachusetts,United States of America,54,27.3,58.3,80.1,53.2,61.1,56959,13,11,49,2012
70,Vanderbilt University,United States of America,52.1,26.8,47.6,86.8,64.4,59.6,12161,3.6,10,52,2012
72,Rice University,United States of America,45.9,39.7,38,99.9,36.2,59,6333,9,26,44,2012
75,Emory University,United States of America,48.4,37.3,39.8,90.9,34.4,57.4,12338,4.5,18,56,2012
77,Tufts University,United States of America,45.8,41.3,37.4,94.5,35.4,57.3,10410,10,14,54,2012
77,University of Colorado Boulder,United States of America,39.5,30.8,42.6,98.2,,57.3,29325,16.1,8,45,2012
81,"Rutgers, the State University of New Jersey",United States of America,51.6,25.3,60,69,,56.8,37032,17.3,8,51,2012
81,University of Rochester,United States of America,47,45.7,33.5,94.5,36.4,56.8,9390,4.5,26,49,2012
86,"University of California, Irvine",United States of America,36.2,36.3,42.3,93.5,45.6,55.4,26614,16.1,16,52,2012
89,University of Notre Dame,United States of America,42.6,33.1,36.2,94.1,27.3,55,11829,13.8,10,44,2012
90,Dartmouth College,United States of America,44.8,30.6,38.7,89.9,,54.9,6178,6.6,16,47,2012
93,Case Western Reserve University,United States of America,54.2,29.9,40.2,78.4,,54.6,9259,6.4,17,48,2012
94,"University of Maryland, College Park",United States of America,41.1,35.3,43.6,85.8,28.5,54.5,31331,8.4,9,48,2012
96,Michigan State University,United States of America,47.4,34,49.6,73.6,28,54.4,44750,15.7,15,51,2012
97,University of Arizona,United States of America,45.1,28.4,43,78.3,86,54.2,36429,12.7,8,52,2012
98,Purdue University,United States of America,56.6,52.6,49.4,57.8,,54,39256,18.1,22,42,2012
110,"University of California, Santa Cruz",United States of America,28.5,29.8,36.6,99.9,29.5,52.5,17404,22.7,1,53,2012
113,University of Utah,United States of America,42.1,23.3,41,82.3,,51.9,25674,16.9,9,45,2012
114,Stony Brook University,United States of America,37.7,56.5,28.7,88.3,29.2,51.4,21908,10.9,24,50,2012
123,Indiana University,United States of America,46.8,37.7,34.5,73.7,,50.2,62468,13.6,13,53,2012
125,University of Florida,United States of America,46.7,25.9,59.9,50.9,,50,50095,18.7,9,54,2012
127,Arizona State University,United States of America,38.2,26.1,39,80.3,28.7,49.9,83236,29.9,9,50,2012
135,George Washington University,United States of America,44.2,38.3,33.6,73.2,,49,20541,12,16,56,2012
135,University of Virginia,United States of America,37,26.4,42.2,74.7,34.7,49,23845,10.2,12,52,2012
138,Georgetown University,United States of America,52.5,29.1,40.4,57.7,,48,15408,8.5,14,53,2012
141,University of Iowa,United States of America,47.7,21.9,42.1,61.3,,47.6,27526,11.6,11,52,2012
143,"University of California, Riverside",United States of America,27.8,30,30.9,89.6,31,47.5,20626,22,12,51,2012
144,Rensselaer Polytechnic Institute,United States of America,31.7,32.7,40.4,73.6,49,47.4,6671,15,16,30,2012
146,William & Mary,United States of America,40,19.7,18.9,90.7,27,47,7867,11.8,7,54,2012
150,Brandeis University,United States of America,25.3,40.3,27.3,90.2,33.7,46.7,5495,12.6,22,55,2012
154,Yeshiva University,United States of America,43.6,26.4,27,75.3,,46.2,6753,5.5,7,53,2012
162,Medical University of South Carolina,United States of America,43.9,23.9,38.9,56.6,87.8,45.8,,,,,2012
162,Wake Forest University,United States of America,36.4,17.2,21.6,86.1,49.1,45.8,7326,4.6,5,51,2012
164,Texas A&M University,United States of America,42.3,36,51.8,45.7,43.8,45.7,50657,21.4,9,47,2012
167,University of Illinois at Chicago,United States of America,53.3,27.2,43.9,43.3,38.6,45.2,24313,9.2,17,53,2012
172,University of Miami,United States of America,45.7,30.3,23.3,70.3,,44.8,15286,5.7,14,50,2012
180,University of Delaware,United States of America,26.4,29.8,37.2,66.7,98,43.8,19262,15.9,10,56,2012
184,Iowa State University,United States of America,32.8,28.3,30.1,70.4,49.2,43.4,29991,17.4,11,44,2012
195,Boston College,United States of America,26.5,41.4,18.9,83.5,24.2,42.4,13216,17.4,19,54,2012
197,Georgia Health Sciences University,United States of America,49,32.1,14.2,63.5,40.7,41.5,,,,,2012
201-225,Colorado School of Mines,United States of America,24.6,38.4,22.8,63.7,99.4,,5287,18.2,12,26,2012
201-225,Northeastern University,United States of America,30.4,38,18.9,70,31.1,,18539,15.1,26,50,2012
201-225,Tulane University,United States of America,28,29.8,34.1,58.8,,,11381,8.4,8,56,2012
201-225,University at Buffalo,United States of America,44.3,49.2,35.6,42,40.9,,25668,19,19,47,2012
201-225,University of Cincinnati,United States of America,29,20.6,24.9,69,32.9,,36108,15.7,6,54,2012
201-225,University of Georgia,United States of America,44.4,30.6,36.4,37.3,27.7,,33119,19.9,7,57,2012
201-225,University of Medicine and Dentistry of New Jersey,United States of America,48.5,31,14.4,55.6,34.3,,,,,,2012
201-225,University of South Carolina,United States of America,34.3,26,29.3,52.1,27.3,,29336,16.3,1,55,2012
226-250,Colorado State University,United States of America,26.9,25.5,32,51.2,,,26769,19,5,52,2012
226-250,Creighton University,United States of America,43.6,25,10.5,55.7,24.2,,7086,8.3,2,57,2012
226-250,Drexel University,United States of America,36.9,37.8,12.2,59.4,29.9,,20713,10.8,18,48,2012
226-250,State University of New York Albany,United States of America,25.7,25.9,30.8,53.5,92.9,,15387,18.5,8,51,2012
226-250,University of Missouri,United States of America,38.5,26.9,33.7,37.7,26.5,,29885,14.1,5,53,2012
251-275,University of Hawaiâi at MÄnoa,United States of America,31.3,34.6,29.2,44.3,,,,,,,2012
251-275,University of Texas at Dallas,United States of America,23.6,35.9,36.7,44.2,31.1,,16306,22.8,23,44,2012
251-275,Virginia Polytechnic Institute and State University,United States of America,36.9,25.1,40.4,30.3,24.2,,30850,18.6,10,42,2012
251-275,Wayne State University,United States of America,34.7,24.6,16.4,55.2,,,23065,10.7,7,57,2012
276-300,University of Kansas,United States of America,33.2,23.5,20.1,43,27.6,,,,,,2012
276-300,University of Kentucky,United States of America,38.7,18.3,28.4,35.2,,,,,,,2012
276-300,University of Texas at San Antonio,United States of America,14.1,22.6,15.4,70.3,25.3,,27520,26.9,6,48,2012
301-350,"Binghamton University, State University of New York",United States of America,18.7,30.8,20.3,46.2,29.5,,15799,23.3,14,48,2012
301-350,George Mason University,United States of America,29.3,23.8,17.7,42.6,25.1,,26622,17,7,54,2012
301-350,Kent State University,United States of America,15.9,26.9,13.9,58.3,24.6,,23122,19,8,58,2012
301-350,Lehigh University,United States of America,20.2,26.5,18.1,44.9,38.6,,6300,11.3,15,44,2012
301-350,University of Houston,United States of America,36.5,27.7,23.6,23.6,31.2,,40325,43.7,9,50,2012
301-350,"University of Maryland, Baltimore County",United States of America,17.6,18.6,14.5,52.8,29.9,,13908,18.1,7,46,2012
301-350,University of Oklahoma,United States of America,33.8,20.7,16.1,31.6,32.3,,,,,,2012
301-350,University of South Florida,United States of America,22.1,15,30.1,36.6,94.4,,31424,21.5,10,,2012
301-350,Washington State University,United States of America,28.8,31,24.5,33.5,34.3,,24550,18.3,7,50,2012
350-400,Auburn University,United States of America,33.7,22.5,18.7,10.3,47.3,,22386,17.6,4,51,2012
350-400,Clemson University,United States of America,20.8,28.5,17,25.5,30.8,,19198,17.1,8,46,2012
350-400,Georgia State University,United States of America,19.6,27.9,20.2,34.4,39.1,,28534,20.4,5,59,2012
350-400,Kansas State University,United States of America,20.9,23.6,13.8,33.9,36,,21379,15.1,10,50,2012
350-400,Michigan Technological University,United States of America,21.2,32.3,13.8,24.8,41.9,,,,,,2012
350-400,New Jersey Institute of Technology,United States of America,17.1,41.3,14.5,26.4,37.5,,10646,26.2,17,25,2012
350-400,Old Dominion University,United States of America,17.1,27.3,12.5,46.9,,,,,,,2012
350-400,University of Idaho,United States of America,29.4,27.4,16.2,24,25.5,,11641,21.5,6,47,2012
350-400,University of Wyoming,United States of America,18.4,21.8,20.9,36.7,29.8,,,,,,2012
1,California Institute of Technology,United States of America,96.3,59.8,99.4,99.7,95.6,95.5,2243,6.9,27,33,2013
2,Stanford University,United States of America,95,56.6,98.8,99.3,62.4,93.7,15596,7.8,22,42,2013
4,Harvard University,United States of America,94.9,63.7,98.6,99.2,39.9,93.6,20152,8.9,25,,2013
5,Massachusetts Institute of Technology,United States of America,92.9,81.6,89.2,99.9,92.9,93.1,11074,9,33,37,2013
6,Princeton University,United States of America,89.5,54.5,99.4,99.8,79.5,92.7,7929,8.4,27,45,2013
9,"University of California, Berkeley",United States of America,85.1,49.7,99.3,99.3,65.4,90.5,36186,16.4,15,50,2013
10,University of Chicago,United States of America,89.6,55.3,92.9,98.7,,90.4,14221,6.9,21,42,2013
11,Yale University,United States of America,93.2,54.7,92.5,94.8,38.2,89.2,11751,4.4,20,50,2013
13,"University of California, Los Angeles",United States of America,87.3,42.3,93.8,95.9,,87.7,38206,10.3,15,52,2013
14,Columbia University,United States of America,89.7,66.1,82,96.1,,87,25055,5.9,28,,2013
15,University of Pennsylvania,United States of America,90,38.1,89.4,96.2,43.7,86.6,20376,6.5,20,51,2013
16,Johns Hopkins University,United States of America,81.8,57.3,85.5,95.3,100,85.6,15128,3.6,23,50,2013
18,Cornell University,United States of America,77,53.8,92.1,91.8,39.5,83.3,21424,10.2,19,48,2013
19,Northwestern University,United States of America,77.6,33.8,87.3,98.2,64.4,83.1,18334,13.8,15,48,2013
20,University of Michigan,United States of America,76.1,47.6,91.4,91.6,53.9,82.6,41786,9,16,48,2013
22,Carnegie Mellon University,United States of America,71.8,51.4,87,95.5,55.9,81.5,11885,13.1,35,39,2013
23,Duke University,United States of America,72.3,45.8,81.5,97,100,81.2,15172,4.8,17,49,2013
24,University of Washington,United States of America,74.7,39.1,81.3,97,41.3,79.9,44020,11.8,13,53,2013
25,Georgia Institute of Technology,United States of America,70.2,66.3,79.5,90.3,74.9,78.8,19967,20.1,26,31,2013
25,University of Texas at Austin,United States of America,75.5,42.1,80.7,91,57.9,78.8,49427,17.4,9,51,2013
31,University of Wisconsin-Madison,United States of America,76.1,29.8,80.1,88.2,54.8,76.9,39655,10.8,11,51,2013
33,University of Illinois at Urbana-Champaign,United States of America,74.2,36,84.9,80.8,,75.8,42727,18.7,20,47,2013
35,"University of California, Santa Barbara",United States of America,56.1,58.3,73.5,99.4,100,75.6,22020,27.3,11,52,2013
38,"University of California, San Diego",United States of America,63.4,34.2,79,96.2,43.9,75.2,27233,6.5,11,48,2013
41,New York University,United States of America,73.8,38.7,67.4,89.2,29.5,72.8,42056,6.8,19,55,2013
42,University of North Carolina at Chapel Hill,United States of America,70.4,32.9,69.3,90.1,40,72.4,26518,7.3,8,58,2013
44,"University of California, Davis",United States of America,67.9,51.7,71.6,82.7,52.5,71.8,35364,13.9,13,54,2013
44,Washington University in St Louis,United States of America,66,44.3,62.8,95.2,,71.8,12528,5.7,17,,2013
47,University of Minnesota,United States of America,66.1,28.7,74,84.7,,70.5,46825,18,13,52,2013
51,Brown University,United States of America,63.7,36.9,60.3,94.1,29.9,68.9,8653,10.1,19,,2013
53,Ohio State University,United States of America,66.7,46.3,60.9,80.1,49.5,67,51462,13.4,12,49,2013
54,Boston University,United States of America,65.4,39.2,50.9,94.2,30.6,66.8,24789,8.6,17,58,2013
56,University of Southern California,United States of America,68.4,43.4,57.1,81.9,33.5,66.3,36534,12.9,20,52,2013
61,Pennsylvania State University,United States of America,55,34.9,69.2,81.4,59.7,65.8,44501,12.4,12,46,2013
69,Purdue University,United States of America,59.8,54.8,71.9,63.1,,63.8,39256,18.1,22,42,2013
72,University of Massachusetts,United States of America,57.1,31.7,62.6,77.8,52.8,62.9,56959,13,11,49,2013
75,Rice University,United States of America,49.5,59,39.3,100,36.5,62,6333,9,26,44,2013
76,University of Pittsburgh,United States of America,54.6,29.4,55.1,85.2,39.3,61.7,26485,5.8,10,51,2013
79,Emory University,United States of America,56.7,36.6,44.4,90.9,38.3,61.3,12338,4.5,18,56,2013
87,Tufts University,United States of America,52.6,39.6,36.4,94.8,39.4,59.1,10410,10,14,54,2013
91,University of Colorado Boulder,United States of America,42.3,34.7,44.4,97.1,,58.7,29325,16.1,8,45,2013
94,Michigan State University,United States of America,51.8,36.8,56.8,73.8,32.6,58.3,44750,15.7,15,51,2013
94,University of Notre Dame,United States of America,48.3,41.6,39.6,93.5,29.8,58.3,11829,13.8,10,44,2013
96,"University of California, Irvine",United States of America,44,35.2,47.2,90.3,42.1,58.2,26614,16.1,16,52,2013
97,"University of Maryland, College Park",United States of America,44.9,40.4,51.4,83.9,32.1,57.9,31331,8.4,9,48,2013
98,University of Arizona,United States of America,47,31.3,53.7,76.9,83.9,57.7,36429,12.7,8,52,2013
99,"Rutgers, the State University of New Jersey",United States of America,50.9,27.9,61.3,69.5,35.8,57.5,37032,17.3,8,51,2013
102,University of Rochester,United States of America,46,45.9,37.8,92.3,39.6,57.2,9390,4.5,26,49,2013
104,Case Western Reserve University,United States of America,56.5,34.2,42,80.4,,56.9,9259,6.4,17,48,2013
106,Vanderbilt University,United States of America,51.5,27.5,40.9,85,53,56.6,12161,3.6,10,52,2013
118,University of Virginia,United States of America,55.9,27.9,43,73.5,48.6,55,23845,10.2,12,52,2013
122,"University of California, Santa Cruz",United States of America,32.1,32.5,39.6,99.9,,54.5,17404,22.7,1,53,2013
122,University of Florida,United States of America,52,31.2,62.9,56,,54.5,50095,18.7,9,54,2013
124,Dartmouth College,United States of America,47.5,31.5,35.9,87,38.6,54.4,6178,6.6,16,47,2013
134,Indiana University,United States of America,48.3,36,44.2,72.5,,53.2,62468,13.6,13,53,2013
134,University of Utah,United States of America,43.3,25.2,41.3,81,63.3,53.2,25674,16.9,9,45,2013
148,Arizona State University,United States of America,38.4,27.4,45.2,79.9,31.8,51.9,83236,29.9,9,50,2013
150,Boston College,United States of America,34.5,52.4,33.2,88.7,,51.6,13216,17.4,19,54,2013
154,"University of California, Riverside",United States of America,29.1,62.8,32.5,90.3,33.5,51.1,20626,22,12,51,2013
156,Texas A&M University,United States of America,46.4,47.2,58.3,49.3,45.5,50.9,50657,21.4,9,47,2013
156,Yeshiva University,United States of America,51.7,28.4,30.1,78.8,,50.9,6753,5.5,7,53,2013
162,Stony Brook University,United States of America,38.8,52.8,29.9,82.9,31.6,50.2,21908,10.9,24,50,2013
165,University of Delaware,United States of America,30,37.3,41.6,76.6,97.7,49.7,19262,15.9,10,56,2013
167,University of Texas at Dallas,United States of America,32.6,46.8,32.2,85.2,40,49.5,16306,22.8,23,44,2013
168,George Washington University,United States of America,48.1,36.6,28,77.1,30,49.4,20541,12,16,56,2013
169,University of Iowa,United States of America,49,26.4,40.9,65.7,,49.3,27526,11.6,11,52,2013
174,Georgetown University,United States of America,56.4,32.9,35.6,59.8,,48.9,15408,8.5,14,53,2013
174,Rensselaer Polytechnic Institute,United States of America,36.2,32.9,40.2,73,66.8,48.9,6671,15,16,30,2013
184,Colorado School of Mines,United States of America,24.9,51.2,22.5,94.3,66,48,5287,18.2,12,26,2013
184,University of Illinois at Chicago,United States of America,53.9,29.1,42.6,52.9,40.4,48,24313,9.2,17,53,2013
184,William & Mary,United States of America,41.3,25.8,22.6,87.1,29.9,48,7867,11.8,7,54,2013
189,Medical University of South Carolina,United States of America,46.2,27.7,39.6,59.7,77.1,47.7,,,,,2013
190,Wake Forest University,United States of America,37.5,19,22.4,89.1,48,47.3,7326,4.6,5,51,2013
193,Iowa State University,United States of America,35.7,30.5,34.3,74.9,44,46.9,29991,17.4,11,44,2013
193,University of Miami,United States of America,48.7,33.1,27,69.7,,46.9,15286,5.7,14,50,2013
198,University at Buffalo,United States of America,46.3,50.7,40.6,52.1,42.4,46.6,25668,19,19,47,2013
201-225,Brandeis University,United States of America,27.3,45.3,27.9,83.1,37.4,,5495,12.6,22,55,2013
201-225,Northeastern University,United States of America,40.1,41,21.2,76.4,33.8,,18539,15.1,26,50,2013
201-225,University of Georgia,United States of America,45.4,36.2,40.1,46.8,31.3,,33119,19.9,7,57,2013
226-250,Florida Institute of Technology,United States of America,16.2,58.4,11.9,92.5,28.7,,4408,13.7,26,34,2013
226-250,Georgia Health Sciences University,United States of America,49.4,32.6,17.5,62,43.6,,,,,,2013
226-250,Tulane University,United States of America,42.8,31.2,22.6,66.8,,,11381,8.4,8,56,2013
226-250,University of Cincinnati,United States of America,34.9,23.9,26.5,69.5,35.8,,36108,15.7,6,54,2013
226-250,University of Missouri,United States of America,40.4,30.8,45.8,45.2,31.1,,29885,14.1,5,53,2013
226-250,University of South Florida,United States of America,32.6,19.7,42,48.4,98.9,,31424,21.5,10,,2013
251-275,University of Connecticut,United States of America,42.5,40.5,29.7,50,32.6,,25742,13,11,51,2013
251-275,University of Oregon,United States of America,31.5,30.2,21.7,70.4,,,24418,20.2,11,52,2013
276-300,Colorado State University,United States of America,30.8,29.8,32,55.8,,,26769,19,5,52,2013
276-300,Drexel University,United States of America,34.7,36.6,14.9,65.1,34.7,,20713,10.8,18,48,2013
276-300,Oregon State University,United States of America,27.1,34.2,24.2,64.1,31,,22578,16.8,9,47,2013
276-300,University of Kansas,United States of America,36.1,28.1,20.5,57.2,34.5,,,,,,2013
276-300,University of Montana,United States of America,28.9,24.9,14.9,72.1,34.1,,12470,15.2,3,54,2013
276-300,University of South Carolina,United States of America,37.5,31.3,28,53.2,30.8,,29336,16.3,1,55,2013
276-300,Virginia Polytechnic Institute and State University,United States of America,38.5,27.8,44.4,37.2,27.9,,30850,18.6,10,42,2013
301-350,Creighton University,United States of America,42.4,26,9.3,61,,,7086,8.3,2,57,2013
301-350,North Carolina State University,United States of America,34.8,29.2,28.8,47.6,35.7,,30533,13.6,11,44,2013
301-350,State University of New York Albany,United States of America,30.2,27.8,30,52.9,,,15387,18.5,8,51,2013
301-350,University of Kentucky,United States of America,39.1,21.7,27.8,45.5,,,,,,,2013
301-350,"University of Maryland, Baltimore County",United States of America,19.4,32.6,16.4,65.2,32.6,,13908,18.1,7,46,2013
301-350,University of Vermont,United States of America,28.5,19.9,20.6,58.6,,,,,,,2013
301-350,Washington State University,United States of America,29.9,33.9,30.6,47.1,55.8,,24550,18.3,7,50,2013
301-350,Wayne State University,United States of America,34.3,28.1,16.2,58.4,,,23065,10.7,7,57,2013
351-400,"Binghamton University, State University of New York",United States of America,23.3,30.7,21.9,51.1,33.4,,15799,23.3,14,48,2013
351-400,George Mason University,United States of America,27.2,34.9,19.7,53,28.2,,26622,17,7,54,2013
351-400,Lehigh University,United States of America,26,30.4,19.7,50.6,40.1,,6300,11.3,15,44,2013
351-400,Southern Methodist University,United States of America,18.6,35.2,9,67.3,,,,,,,2013
351-400,Temple University,United States of America,37.2,20.1,18.8,43.3,,,33268,13.3,5,51,2013
351-400,University of Houston,United States of America,37.5,32.6,25,35,35.7,,40325,43.7,9,50,2013
351-400,University of Oklahoma,United States of America,36.8,24.2,17.8,42.9,33.9,,,,,,2013
351-400,University of Texas at San Antonio,United States of America,17.3,28.6,17.6,66.2,32.2,,27520,26.9,6,48,2013
351-400,University of Wyoming,United States of America,18.6,28.1,24.2,47.5,30.9,,,,,,2013
1,California Institute of Technology,United States of America,94.4,65.8,98.2,99.8,91.2,94.9,2243,6.9,27,33,2014
2,Harvard University,United States of America,95.3,66.2,98.5,99.1,40.6,93.9,20152,8.9,25,,2014
4,Stanford University,United States of America,94.7,68,96.8,99.1,61.3,93.8,15596,7.8,22,42,2014
5,Massachusetts Institute of Technology,United States of America,92.9,82,89,100,94.3,93,11074,9,33,37,2014
6,Princeton University,United States of America,89.9,59.6,97.6,99.7,80.5,92.7,7929,8.4,27,45,2014
8,"University of California, Berkeley",United States of America,83.2,57.3,97.5,99.3,59.5,89.8,36186,16.4,15,50,2014
9,University of Chicago,United States of America,85.6,58.6,88.2,98,,87.8,14221,6.9,21,42,2014
11,Yale University,United States of America,89.5,57.6,90.5,93.5,38.7,87.4,11751,4.4,20,50,2014
12,"University of California, Los Angeles",United States of America,84.8,46.4,91,95.6,,86.3,38206,10.3,15,52,2014
13,Columbia University,United States of America,86.6,68,79.1,95.6,,85.2,25055,5.9,28,,2014
15,Johns Hopkins University,United States of America,75.7,59.3,85.1,95,100,83.7,15128,3.6,23,50,2014
16,University of Pennsylvania,United States of America,79.8,40.6,81.2,95,45.2,81,20376,6.5,20,51,2014
17,Duke University,United States of America,73.9,50,73,96.7,100,79.3,15172,4.8,17,49,2014
18,University of Michigan,United States of America,70,49.5,86.2,90.8,53.5,79.2,41786,9,16,48,2014
19,Cornell University,United States of America,72.1,55.6,83.8,90.8,35.8,79.1,21424,10.2,19,48,2014
22,Northwestern University,United States of America,70.2,34.4,76,97.1,61.9,77.1,18334,13.8,15,48,2014
24,Carnegie Mellon University,United States of America,63.1,58.1,77.4,93.9,52.5,76,11885,13.1,35,39,2014
25,University of Washington,United States of America,65.6,43.2,69.2,95.6,43.1,73.4,44020,11.8,13,53,2014
27,University of Texas at Austin,United States of America,64.7,42.4,69,91.3,59.6,72.2,49427,17.4,9,51,2014
28,Georgia Institute of Technology,United States of America,59.4,67.8,68.6,87.9,71.3,71.6,19967,20.1,26,31,2014
29,University of Illinois at Urbana-Champaign,United States of America,66,41.1,78.9,79.4,,71.4,42727,18.7,20,47,2014
30,University of Wisconsin-Madison,United States of America,69.8,32.3,67.7,87.2,51.2,71.1,39655,10.8,11,51,2014
33,"University of California, Santa Barbara",United States of America,47.8,61.8,58.2,99.4,86.7,68.4,22020,27.3,11,52,2014
40,New York University,United States of America,65.4,41.8,58.4,87.9,29.9,67.4,42056,6.8,19,55,2014
40,"University of California, San Diego",United States of America,52,35.6,63,96.7,48.4,67.4,27233,6.5,11,48,2014
42,Washington University in St Louis,United States of America,59.5,44.6,52.9,96.4,,67.2,12528,5.7,17,,2014
46,University of Minnesota,United States of America,61.4,31.7,62.7,81.2,,64.9,46825,18,13,52,2014
47,University of North Carolina at Chapel Hill,United States of America,57.6,35,55.3,90.2,39.1,64.5,26518,7.3,8,58,2014
49,Pennsylvania State University,United States of America,55.3,33.7,65.9,79.4,60,64.2,44501,12.4,12,46,2014
50,Boston University,United States of America,56.5,44.2,46.1,95.3,31.1,63.5,24789,8.6,17,58,2014
52,Brown University,United States of America,55.4,37.7,52,91.3,33.5,63.2,8653,10.1,19,,2014
52,"University of California, Davis",United States of America,55.5,53.7,56.4,81.2,51.3,63.2,35364,13.9,13,54,2014
59,Ohio State University,United States of America,58.3,48.1,52.9,79.4,47.7,62,51462,13.4,12,49,2014
62,Purdue University,United States of America,53.7,60.6,62.5,67,,60.7,39256,18.1,22,42,2014
65,Rice University,United States of America,44.1,67.7,35.5,99.9,35.2,59.8,6333,9,26,44,2014
70,University of Southern California,United States of America,58.7,43.4,43.2,81.2,34.6,59,36534,12.9,20,52,2014
78,University of Pittsburgh,United States of America,48.6,29.4,45.4,84.4,39.4,56.7,26485,5.8,10,51,2014
80,Emory University,United States of America,50.4,42.4,31.6,90.8,43.2,56.1,12338,4.5,18,56,2014
80,Tufts University,United States of America,46.7,43.4,32.1,93.9,39.1,56.1,10410,10,14,54,2014
83,Michigan State University,United States of America,50,52.6,49.1,71.5,32,55.9,44750,15.7,15,51,2014
88,Case Western Reserve University,United States of America,51,35.4,38.6,82.8,,55,9259,6.4,17,48,2014
88,Vanderbilt University,United States of America,46.8,28.6,38.7,86.5,51,55,12161,3.6,10,52,2014
90,University of Notre Dame,United States of America,41.2,47.5,34.7,91.8,31.2,54.7,11829,13.8,10,44,2014
93,"University of California, Irvine",United States of America,37.1,36.4,40.8,89.7,44.9,54.1,26614,16.1,16,52,2014
95,University of Rochester,United States of America,42.8,50.7,29.9,89.7,41.4,53.6,9390,4.5,26,49,2014
97,University of Colorado Boulder,United States of America,34.2,40.5,33.3,97.3,,53.4,29325,16.1,8,45,2014
103,"Rutgers, the State University of New Jersey",United States of America,43.4,31.4,50.1,70.4,35.4,52.4,37032,17.3,8,51,2014
103,University of Arizona,United States of America,39.4,38,44.4,74.6,82.3,52.4,36429,12.7,8,52,2014
108,"University of Maryland, College Park",United States of America,39,42.4,37.2,84.4,32.1,52.2,31331,8.4,9,48,2014
112,University of Virginia,United States of America,49.7,30.2,33.9,77.5,49.4,51.8,23845,10.2,12,52,2014
126,Dartmouth College,United States of America,38.5,32.7,34.5,83.6,42.3,50.5,6178,6.6,16,47,2014
128,University of Florida,United States of America,48,30.9,49.9,59.9,,50.4,50095,18.7,9,54,2014
132,Indiana University,United States of America,45.8,38.3,37,71.5,,50.1,62468,13.6,13,53,2014
132,University of Massachusetts,United States of America,40.7,33.1,38.9,74.6,52,50.1,56959,13,11,49,2014
135,Boston College,United States of America,26.3,54.4,26.4,96.2,49.4,50,13216,17.4,19,54,2014
136,"University of California, Santa Cruz",United States of America,25.9,39.4,29.1,99.9,,49.9,17404,22.7,1,53,2014
139,Colorado School of Mines,United States of America,22.7,47.3,27.2,97.1,74.8,49.5,5287,18.2,12,26,2014
143,University of Utah,United States of America,39.4,25.5,36.1,76.6,61.3,49.1,25674,16.9,9,45,2014
146,Arizona State University,United States of America,33.8,28.6,35.9,83.6,31.4,48.9,83236,29.9,9,50,2014
148,"University of California, Riverside",United States of America,25.9,62.2,25.8,91.8,37.6,48.7,20626,22,12,51,2014
159,Texas A&M University,United States of America,43,46.8,50.2,48.6,47.5,47.2,50657,21.4,9,47,2014
160,Georgetown University,United States of America,51.9,43.6,25.6,62.3,71.9,47,15408,8.5,14,53,2014
161,University of Iowa,United States of America,44.2,29.3,31.6,70.4,,46.7,27526,11.6,11,52,2014
164,Brandeis University,United States of America,28.8,50.6,24.3,86.5,36.8,46.6,5495,12.6,22,55,2014
172,Yeshiva University,United States of America,47.3,25.6,20.6,77.5,,46.1,6753,5.5,7,53,2014
174,University of Delaware,United States of America,27,37.1,35.5,73.6,98.1,46,19262,15.9,10,56,2014
176,University at Buffalo,United States of America,40.2,55.4,39.3,56.2,39.4,45.9,25668,19,19,47,2014
178,Stony Brook University,United States of America,32.5,57.8,22.9,80.3,32.3,45.8,21908,10.9,24,50,2014
180,Wake Forest University,United States of America,36.1,23.7,21.8,85.1,38.8,45.7,7326,4.6,5,51,2014
181,Rensselaer Polytechnic Institute,United States of America,30.7,35.6,35.5,71.5,65.6,45.6,6671,15,16,30,2014
183,Iowa State University,United States of America,35.6,38.8,32.4,71.5,28.2,45.5,29991,17.4,11,44,2014
184,Northeastern University,United States of America,34.5,48.5,19.8,82,34.5,45.4,18539,15.1,26,50,2014
185,University of Miami,United States of America,43.2,32.9,25.8,71.5,,45.3,15286,5.7,14,50,2014
188,University of Texas at Dallas,United States of America,25.5,46.8,28.6,81.2,44.4,45.2,16306,22.8,23,44,2014
191,University of Illinois at Chicago,United States of America,45.5,43.3,34.9,56.2,31.1,45,24313,9.2,17,53,2014
194,George Washington University,United States of America,45.6,36,26.3,65.9,30,44.8,20541,12,16,56,2014
197,Florida Institute of Technology,United States of America,15.9,61.5,14.5,99,44.7,44.6,4408,13.7,26,34,2014
201-225,William & Mary,United States of America,37.2,26,18.5,73.6,31.9,,7867,11.8,7,54,2014
226-250,Georgia Health Sciences University,United States of America,47.2,30.8,12.1,63.5,,,,,,,2014
226-250,Tulane University,United States of America,43,29,20.6,61.1,,,11381,8.4,8,56,2014
226-250,University of Cincinnati,United States of America,31.8,25.4,22.3,69.3,36.5,,36108,15.7,6,54,2014
251-275,University of Nebraska-Lincoln,United States of America,32.6,42,30,52.4,34.2,,21789,16.4,9,46,2014
251-275,University of South Carolina,United States of America,34.6,34.4,27.9,56.2,31.5,,29336,16.3,1,55,2014
276-300,Colorado State University,United States of America,28.6,31.4,29.8,57.4,38.5,,26769,19,5,52,2014
276-300,Creighton University,United States of America,41.3,21.7,10.9,68.2,,,7086,8.3,2,57,2014
276-300,University of Alaska Fairbanks,United States of America,26.1,38.2,25.5,57.4,52.5,,3837,8.2,7,53,2014
276-300,University of Georgia,United States of America,39.6,35,28.9,46.1,30.7,,33119,19.9,7,57,2014
276-300,University of Kansas,United States of America,33.9,33.6,19.8,59.9,35.9,,,,,,2014
276-300,University of Montana,United States of America,29.5,22.6,15,74.6,34.5,,12470,15.2,3,54,2014
276-300,University of South Florida,United States of America,24.1,38.5,31.1,52.4,95,,31424,21.5,10,,2014
276-300,Virginia Polytechnic Institute and State University,United States of America,33.7,27.5,40.4,38.7,42,,30850,18.6,10,42,2014
301-350,Drexel University,United States of America,33.9,38.2,15,56.2,32.5,,20713,10.8,18,48,2014
301-350,Kansas State University,United States of America,26.1,34.1,15.5,57.4,38.7,,21379,15.1,10,50,2014
301-350,Lehigh University,United States of America,28.9,35.7,16,53.7,39.7,,6300,11.3,15,44,2014
301-350,Oregon State University,United States of America,25.7,35.4,19.7,63.5,31.6,,22578,16.8,9,47,2014
301-350,State University of New York Albany,United States of America,23.8,33.9,26.2,58.7,,,15387,18.5,8,51,2014
301-350,University of Connecticut,United States of America,36.1,38.7,22.8,49.9,31.7,,25742,13,11,51,2014
301-350,University of Houston,United States of America,37,31.5,23.8,42.4,36.9,,40325,43.7,9,50,2014
301-350,University of Missouri,United States of America,32.6,28.9,31.4,44.9,31.1,,29885,14.1,5,53,2014
301-350,University of Vermont,United States of America,26.6,21,19.3,57.4,,,,,,,2014
301-350,Washington State University,United States of America,28.4,35.2,26.5,46.1,55.6,,24550,18.3,7,50,2014
301-350,Wayne State University,United States of America,35.3,28.2,15.7,59.9,,,23065,10.7,7,57,2014
351-400,George Mason University,United States of America,24.5,37.3,18,54.9,28.8,,26622,17,7,54,2014
351-400,Old Dominion University,United States of America,21.3,30.2,14.3,58.7,,,,,,,2014
351-400,San Diego State University,United States of America,15,22.2,23.1,61.1,29.2,,27420,31.7,5,57,2014
351-400,Temple University,United States of America,35.4,22.4,15,42.4,,,33268,13.3,5,51,2014
351-400,"University of Maryland, Baltimore County",United States of America,16.9,34.4,15,65.9,32.6,,13908,18.1,7,46,2014
351-400,University of Oklahoma,United States of America,34.1,26.7,14.7,46.1,35.2,,,,,,2014
351-400,University of Wyoming,United States of America,18.9,29.7,28.6,46.1,29.6,,,,,,2014
1,California Institute of Technology,United States of America,92.2,67,98.1,99.7,89.1,94.3,2243,6.9,27,33,2015
2,Harvard University,United States of America,92.9,67.6,98.6,98.9,44,93.3,20152,8.9,25,,2015
4,Stanford University,United States of America,91.5,69,96.7,99.1,63.1,92.9,15596,7.8,22,42,2015
6,Massachusetts Institute of Technology,United States of America,89.1,84.3,88.2,100,95.7,91.9,11074,9,33,37,2015
7,Princeton University,United States of America,86.6,61.2,94.7,99.6,82.7,90.9,7929,8.4,27,45,2015
8,"University of California, Berkeley",United States of America,84.2,58.5,96.7,99.1,44.8,89.5,36186,16.4,15,50,2015
9,Yale University,United States of America,88.5,59.8,90.8,94,42,87.5,11751,4.4,20,50,2015
11,University of Chicago,United States of America,83.9,65.2,89.9,97.3,36.8,87.1,14221,6.9,21,42,2015
12,"University of California, Los Angeles",United States of America,82.4,49.2,90.5,95.3,,85.5,38206,10.3,15,52,2015
14,Columbia University,United States of America,83.9,68.3,79.4,95.3,,84.4,25055,5.9,28,,2015
15,Johns Hopkins University,United States of America,75.6,59.7,84.2,93.6,100,83,15128,3.6,23,50,2015
16,University of Pennsylvania,United States of America,79,43.8,82,94.4,43,81,20376,6.5,20,51,2015
17,University of Michigan,United States of America,77,49.8,86.5,88.9,55.7,80.9,41786,9,16,48,2015
18,Duke University,United States of America,73.5,50.5,75.2,96.6,100,79.9,15172,4.8,17,49,2015
19,Cornell University,United States of America,71.6,59,83.8,91.5,33.7,79.4,21424,10.2,19,48,2015
21,Northwestern University,United States of America,72.7,36.7,78.9,96.9,77,79.2,18334,13.8,15,48,2015
24,Carnegie Mellon University,United States of America,61.6,59.3,74.9,92,53,74.3,11885,13.1,35,39,2015
26,University of Washington,United States of America,64.5,47.9,68.9,95,44.7,73.2,44020,11.8,13,53,2015
27,Georgia Institute of Technology,United States of America,62.5,68.9,71.2,85.8,72.3,72.8,19967,20.1,26,31,2015
28,University of Texas at Austin,United States of America,64.3,33.1,72,91.5,58.1,72.3,49427,17.4,9,51,2015
29,University of Illinois at Urbana-Champaign,United States of America,67.7,43.9,79,77.8,51.7,71.9,42727,18.7,20,47,2015
29,University of Wisconsin-Madison,United States of America,67.7,33.6,71.3,87.7,53.3,71.9,39655,10.8,11,51,2015
37,"University of California, Santa Barbara",United States of America,49.4,64.3,61.4,99.2,87.1,70,22020,27.3,11,52,2015
38,New York University,United States of America,68.3,41.2,62.4,89.5,30.2,69.9,42056,6.8,19,55,2015
41,"University of California, San Diego",United States of America,52,37,66.6,96.4,54.2,68.6,27233,6.5,11,48,2015
42,Washington University in St Louis,United States of America,57.6,46.5,55.2,97.1,,67.8,12528,5.7,17,,2015
46,University of Minnesota,United States of America,59.9,33.8,64.7,82.9,,65.9,46825,18,13,52,2015
46,University of North Carolina at Chapel Hill,United States of America,57.9,35.3,58.6,91,40.5,65.9,26518,7.3,8,58,2015
54,Brown University,United States of America,55.5,37,54.2,92,32.7,64.1,8653,10.1,19,,2015
55,"University of California, Davis",United States of America,54.4,52.9,59.7,80.4,55.4,63.7,35364,13.9,13,54,2015
57,Boston University,United States of America,56.4,47.8,46.7,94.4,30.3,63.6,24789,8.6,17,58,2015
58,Pennsylvania State University,United States of America,54.6,37.4,64.8,76,60.4,62.9,44501,12.4,12,46,2015
68,Ohio State University,United States of America,54,51.5,51.1,80.4,46.8,60.7,51462,13.4,12,49,2015
69,Rice University,United States of America,41.7,70.8,37.1,99.9,34.6,59.8,6333,9,26,44,2015
75,University of Southern California,United States of America,55.2,42.7,44.6,81.3,34.4,58.4,36534,12.9,20,52,2015
82,Michigan State University,United States of America,51.1,55,49.4,74,31.7,57.3,44750,15.7,15,51,2015
86,University of Arizona,United States of America,44.9,38.8,51.4,74,99.6,56.5,36429,12.7,8,52,2015
86,University of Notre Dame,United States of America,43.3,51.4,38.5,90,,56.5,11829,13.8,10,44,2015
88,Tufts University,United States of America,43.6,51.1,33.9,92.9,58.7,56.4,10410,10,14,54,2015
88,"University of California, Irvine",United States of America,39.5,56.1,41.7,89.5,40,56.4,26614,16.1,16,52,2015
91,University of Massachusetts,United States of America,44.8,40.3,49.1,78.7,52.8,56.1,56959,13,11,49,2015
91,University of Pittsburgh,United States of America,45.2,32.2,46.3,84.4,38.5,56.1,26485,5.8,10,51,2015
93,Emory University,United States of America,49,42.9,32.4,89.5,42.3,55.5,12338,4.5,18,56,2015
96,Vanderbilt University,United States of America,46,28.3,38.2,87.7,59.4,55.2,12161,3.6,10,52,2015
97,University of Colorado Boulder,United States of America,35,39.1,38.3,97.4,,55.1,29325,16.1,8,45,2015
102,Purdue University,United States of America,47.8,64.3,50.5,62.2,,54,39256,18.1,22,42,2015
109,"University of California, Santa Cruz",United States of America,30.6,54.6,31.9,100,33.8,53.7,17404,22.7,1,53,2015
116,Case Western Reserve University,United States of America,46.5,34.4,37.4,82.9,,53.2,9259,6.4,17,48,2015
121,University of Rochester,United States of America,41.9,55.5,29.2,87.7,36.4,52.7,9390,4.5,26,49,2015
126,Boston College,United States of America,32.4,54.6,29.1,95.9,46.5,52.5,13216,17.4,19,54,2015
126,University of Florida,United States of America,49.8,32.2,52.1,62.2,,52.5,50095,18.7,9,54,2015
130,University of Virginia,United States of America,48.7,31.8,35.9,76.9,49.8,52.1,23845,10.2,12,52,2015
132,"University of Maryland, College Park",United States of America,36.5,44.8,39.1,83.6,33.2,51.9,31331,8.4,9,48,2015
141,Colorado School of Mines,United States of America,26.1,52.6,26.7,97.1,79.4,50.9,5287,18.2,12,26,2015
141,Texas A&M University,United States of America,46.2,49.1,51.9,55.1,49.6,50.9,50657,21.4,9,47,2015
144,"Rutgers, the State University of New Jersey",United States of America,40.5,34.3,45.3,71,35.2,50.5,37032,17.3,8,51,2015
147,Brandeis University,United States of America,25.8,54.7,29.1,95.3,43.9,50.3,5495,12.6,22,55,2015
150,Indiana University,United States of America,46.5,37.1,35.1,73.1,,50.1,62468,13.6,13,53,2015
150,"University of California, Riverside",United States of America,29.4,61.6,27.5,91.5,39.5,50.1,20626,22,12,51,2015
152,Dartmouth College,United States of America,38.3,33.1,35.4,80.4,49.1,50,6178,6.6,16,47,2015
162,University of Utah,United States of America,38.8,27.5,36.5,75,58.1,48.6,25674,16.9,9,45,2015
169,University of Miami,United States of America,42.7,56.7,27.2,73.1,,48,15286,5.7,14,50,2015
173,Georgetown University,United States of America,51.1,43.3,28.2,62.2,80,47.7,15408,8.5,14,53,2015
175,University of Iowa,United States of America,41.9,31.7,33.5,71,49.3,47.5,27526,11.6,11,52,2015
177,Syracuse University,United States of America,32.4,41.2,24.4,87.1,40.6,47.3,19660,15.9,15,55,2015
180,University of Delaware,United States of America,29,40.6,36.3,73.1,99.3,47,19262,15.9,10,56,2015
182,Arizona State University,United States of America,35.7,29.5,37.5,73.1,32.6,46.9,83236,29.9,9,50,2015
185,Northeastern University,United States of America,36.4,54.7,21.9,81.3,34,46.8,18539,15.1,26,50,2015
186,Yeshiva University,United States of America,45.2,27.6,23.9,77.8,,46.7,6753,5.5,7,53,2015
188,Stony Brook University,United States of America,32.8,60.5,24.4,80.4,31.3,46.6,21908,10.9,24,50,2015
191,University at Buffalo,United States of America,40.1,57,39.8,57.5,39.6,46.5,25668,19,19,47,2015
193,Iowa State University,United States of America,36.4,40.6,30.9,72,54.4,46.2,29991,17.4,11,44,2015
200,Florida Institute of Technology,United States of America,19.7,63,13.1,99.2,53.7,45.6,4408,13.7,26,34,2015
200,George Washington University,United States of America,44.6,39.9,25.1,70,29.3,45.6,20541,12,16,56,2015
201-225,University of Illinois at Chicago,United States of America,43,53.4,34.1,55.1,40.7,,24313,9.2,17,53,2015
201-225,University of Texas at Dallas,United States of America,26,55.4,28.2,77.8,41.6,,16306,22.8,23,44,2015
201-225,Wake Forest University,United States of America,33.3,26,23.5,81.3,38.2,,7326,4.6,5,51,2015
201-225,William & Mary,United States of America,36.8,26.5,19.9,78.7,30,,7867,11.8,7,54,2015
226-250,Rensselaer Polytechnic Institute,United States of America,30.9,42.8,26.2,67.8,49.9,,6671,15,16,30,2015
226-250,State University of New York Albany,United States of America,25.7,39.6,35,68.9,,,15387,18.5,8,51,2015
251-275,University of Hawaiâi at MÄnoa,United States of America,35.1,59.4,30.7,51.5,38.3,,,,,,2015
251-275,University of New Mexico,United States of America,29.6,32.2,23.4,73.1,44.5,,,,,,2015
251-275,University of South Florida,United States of America,27.7,41,37.9,55.1,99.8,,31424,21.5,10,,2015
276-300,Colorado State University,United States of America,27.6,30.4,31.3,59.9,38.8,,26769,19,5,52,2015
276-300,University of Cincinnati,United States of America,32,26,22.4,67.8,35.6,,36108,15.7,6,54,2015
276-300,University of Georgia,United States of America,39.7,35.3,28.9,46.6,31.1,,33119,19.9,7,57,2015
276-300,University of Nebraska-Lincoln,United States of America,31,47.8,24.4,57.5,35,,21789,16.4,9,46,2015
276-300,University of South Carolina,United States of America,34.5,37.3,27.5,55.1,31.8,,29336,16.3,1,55,2015
276-300,Virginia Polytechnic Institute and State University,United States of America,40.1,28.9,40,40.7,42.6,,30850,18.6,10,42,2015
301-350,Creighton University,United States of America,40.7,29.1,10.4,63.3,32.4,,7086,8.3,2,57,2015
301-350,Drexel University,United States of America,31.8,42.2,14.3,57.5,34.6,,20713,10.8,18,48,2015
301-350,Illinois Institute of Technology,United States of America,40.2,59.4,17.3,50.3,,,,,,,2015
301-350,Kansas State University,United States of America,27,41.5,16.5,61,39.2,,21379,15.1,10,50,2015
301-350,Oregon State University,United States of America,27.8,36.7,21.1,63.3,32,,22578,16.8,9,47,2015
301-350,San Diego State University,United States of America,19.7,26.9,24.8,65.6,29.2,,27420,31.7,5,57,2015
301-350,Tulane University,United States of America,40.7,29.7,20.7,53.9,,,11381,8.4,8,56,2015
301-350,University of Connecticut,United States of America,37.6,38.8,27.1,45.4,31.1,,25742,13,11,51,2015
301-350,University of Houston,United States of America,39.3,33.1,25.8,44.2,43.2,,40325,43.7,9,50,2015
301-350,University of Kansas,United States of America,30.6,32.2,20.1,62.2,36.2,,,,,,2015
301-350,University of Montana,United States of America,29.1,20.7,13.7,75,34.4,,12470,15.2,3,54,2015
301-350,University of Nebraska Medical Center,United States of America,36.4,34.8,16.5,51.5,34.5,,2857,2.6,8,67,2015
301-350,University of Oklahoma,United States of America,32.6,30,15.7,57.5,34.5,,,,,,2015
301-350,Wayne State University,United States of America,32,30.7,15.2,61,,,23065,10.7,7,57,2015
351-400,George Mason University,United States of America,26.3,35.8,20.3,53.9,28.7,,26622,17,7,54,2015
351-400,Lehigh University,United States of America,25.4,34.5,16.6,56.3,39.2,,6300,11.3,15,44,2015
351-400,University of Missouri,United States of America,31.7,29.6,22,46.6,31.2,,29885,14.1,5,53,2015
351-400,University of Vermont,United States of America,26.8,21,19.4,57.5,,,,,,,2015
351-400,Washington State University,United States of America,28.5,36,27.5,44.2,54.5,,24550,18.3,7,50,2015
1,California Institute of Technology,United States of America,95.6,64,97.6,99.8,97.8,95.2,2243,6.9,27,33,2016
3,Stanford University,United States of America,92.5,76.3,96.2,99.9,63.3,93.9,15596,7.8,22,42,2016
5,Massachusetts Institute of Technology,United States of America,89.4,84,88.6,99.7,95.4,92,11074,9,33,37,2016
6,Harvard University,United States of America,83.6,77.2,99,99.8,45.2,91.6,20152,8.9,25,,2016
7,Princeton University,United States of America,85.1,78.5,91.9,99.3,52.1,90.1,7929,8.4,27,45,2016
10,University of Chicago,United States of America,85.7,65,88.9,99.2,36.6,87.9,14221,6.9,21,42,2016
11,Johns Hopkins University,United States of America,77.6,70,90.4,98.2,100,87.6,15128,3.6,23,50,2016
12,Yale University,United States of America,86.5,64.3,87.8,97.2,43.3,87.4,11751,4.4,20,50,2016
13,"University of California, Berkeley",United States of America,80.4,61.9,91.1,99.7,47.9,87.2,36186,16.4,15,50,2016
15,Columbia University,United States of America,85.9,73.5,82.2,98.1,,86.1,25055,5.9,28,,2016
16,"University of California, Los Angeles",United States of America,80.8,56.4,88.6,98.5,47.9,85.8,38206,10.3,15,52,2016
17,University of Pennsylvania,United States of America,82,49.5,86.9,98.6,47.9,85.2,20376,6.5,20,51,2016
18,Cornell University,United States of America,77.9,63.9,86.1,97.2,33.7,84,21424,10.2,19,48,2016
20,Duke University,United States of America,76,56.5,78,99,100,82.7,15172,4.8,17,49,2016
21,University of Michigan,United States of America,76.8,53.7,85.2,94.4,56.3,82.4,41786,9,16,48,2016
22,Carnegie Mellon University,United States of America,67.4,57.1,88.8,99.1,57.5,82.3,11885,13.1,35,39,2016
25,Northwestern University,United States of America,69.8,53.9,78.4,96.5,81.2,79.5,18334,13.8,15,48,2016
30,New York University,United States of America,74.7,49.3,72.3,95.3,30.4,77.2,42056,6.8,19,55,2016
32,University of Washington,United States of America,67.1,51.2,70,98.6,43.1,75.6,44020,11.8,13,53,2016
36,University of Illinois at Urbana-Champaign,United States of America,64.5,45.8,81.2,86.8,52.8,74.5,42727,18.7,20,47,2016
39,"University of California, San Diego",United States of America,56.9,42.9,69.8,98.7,56.7,72.2,27233,6.5,11,48,2016
39,"University of California, Santa Barbara",United States of America,52.6,61.5,66,99.2,90.4,72.2,22020,27.3,11,52,2016
41,Georgia Institute of Technology,United States of America,57.8,71.5,72.7,86,73.7,72.1,19967,20.1,26,31,2016
44,"University of California, Davis",United States of America,60.1,58.4,72.7,84.3,57.3,71,35364,13.9,13,54,2016
46,University of Texas at Austin,United States of America,59.3,31.7,69.7,92.2,63.1,70.3,49427,17.4,9,51,2016
50,University of Wisconsin-Madison,United States of America,65.1,33,68.2,86.6,48.5,69.7,39655,10.8,11,51,2016
51,Brown University,United States of America,62.8,57.8,55.7,96.4,31.4,69.6,8653,10.1,19,,2016
60,Washington University in St Louis,United States of America,54.3,44.9,55.6,99.2,33.5,67,12528,5.7,17,,2016
63,University of North Carolina at Chapel Hill,United States of America,58,39,54.5,95.9,39.4,66.4,26518,7.3,8,58,2016
64,Boston University,United States of America,57.8,51,49.5,97.7,30.3,66.1,24789,8.6,17,58,2016
65,University of Minnesota,United States of America,53.5,35.3,61,88,98.5,65.9,46825,18,13,52,2016
68,University of Southern California,United States of America,49.3,56.3,58.9,93,38,65.5,36534,12.9,20,52,2016
75,Pennsylvania State University,United States of America,50.4,40.8,61.9,80.5,56.2,62.3,44501,12.4,12,46,2016
79,University of Pittsburgh,United States of America,50.6,33.9,50.3,92.3,39.3,61.5,26485,5.8,10,51,2016
87,Vanderbilt University,United States of America,47.8,29.1,44.2,95.7,63.2,60.1,12161,3.6,10,52,2016
90,Emory University,United States of America,48.3,51,37.1,96.7,48.9,59.7,12338,4.5,18,56,2016
90,Ohio State University,United States of America,51.6,53,46.6,83.2,53.1,59.7,51462,13.4,12,49,2016
94,Georgetown University,United States of America,54.4,52.7,39.3,82.5,80.7,58.8,15408,8.5,14,53,2016
99,Michigan State University,United States of America,47.3,56.4,52.6,76.8,32.2,58,44750,15.7,15,51,2016
101,Rice University,United States of America,37.9,66.6,35.1,99.7,41.7,57.9,6333,9,26,44,2016
104,Dartmouth College,United States of America,50.7,38.3,35.8,93.3,40.8,57.8,6178,6.6,16,47,2016
106,"University of California, Irvine",United States of America,39.9,59.2,41.8,91.6,48.9,57.7,26614,16.1,16,52,2016
108,University of Notre Dame,United States of America,47.6,47.6,48.1,81.7,33.7,57.6,11829,13.8,10,44,2016
113,Purdue University,United States of America,50.2,66.4,57.7,63.2,,57,39256,18.1,22,42,2016
117,"University of Maryland, College Park",United States of America,45,43.5,42.1,88.2,32.3,56.7,31331,8.4,9,48,2016
120,University of Florida,United States of America,51.8,33.3,56.8,67.7,,56.1,50095,18.7,9,54,2016
123,"Rutgers, the State University of New Jersey",United States of America,43.9,34.7,55.7,75.4,35.9,56,37032,17.3,8,51,2016
127,University of Colorado Boulder,United States of America,39.7,36.6,37.6,96.4,35.7,55.8,29325,16.1,8,45,2016
127,Tufts University,United States of America,45.2,49.4,33.3,90.1,60.7,55.8,10410,10,14,54,2016
133,Case Western Reserve University,United States of America,46.1,40.5,33.2,92,34.1,55.3,9259,6.4,17,48,2016
141,University of Massachusetts,United States of America,40.2,48.9,36.3,88.1,52.2,54.3,56959,13,11,49,2016
144,"University of California, Santa Cruz",United States of America,31.1,45.6,34.2,99.9,36.1,53.9,17404,22.7,1,53,2016
147,University of Virginia,United States of America,38.8,43.4,37.5,87.3,37.9,53.3,23845,10.2,12,52,2016
158,University of Rochester,United States of America,39.7,55.8,27.9,89,37,52.1,9390,4.5,26,49,2016
161,University of Miami,United States of America,41.7,64,22.3,90.1,35.5,51.9,15286,5.7,14,50,2016
163,University of Arizona,United States of America,38.7,38.6,41.8,79.5,32.4,51.7,36429,12.7,8,52,2016
164,Yeshiva University,United States of America,44.8,28.5,23.7,92.8,,51.2,6753,5.5,7,53,2016
167,"University of California, Riverside",United States of America,27.5,59.5,33.3,91.2,42.5,51.1,20626,22,12,51,2016
182,University of Utah,United States of America,35.6,30.1,35.3,83.7,57.4,50.1,25674,16.9,9,45,2016
185,Brandeis University,United States of America,28.3,47,25.7,97.3,38.6,49.9,5495,12.6,22,55,2016
189,Arizona State University,United States of America,32.4,31.9,38.1,84.6,32,49.7,83236,29.9,9,50,2016
190,Boston College,United States of America,34.1,60,29.3,83.3,46.8,49.6,13216,17.4,19,54,2016
193,Texas A&M University,United States of America,49.4,47.8,52.4,47.1,46.4,49.4,50657,21.4,9,47,2016
201-250,University at Buffalo,United States of America,36.5,60.6,37.9,62,43.8,,25668,19,19,47,2016
201-250,Florida State University,United States of America,38.5,41.6,40.1,64.7,32,,41226,31.8,7,55,2016
201-250,George Washington University,United States of America,44.7,48.1,23.5,65.7,29.5,,20541,12,16,56,2016
201-250,University of Illinois at Chicago,United States of America,40.9,58.1,29.2,63.2,38,,24313,9.2,17,53,2016
201-250,Indiana University,United States of America,43,41.2,27.3,74.8,,,62468,13.6,13,53,2016
201-250,University of Iowa,United States of America,41,32.3,26.7,73.5,54.1,,27526,11.6,11,52,2016
201-250,Northeastern University,United States of America,35.5,58.7,20.6,84,32.9,,18539,15.1,26,50,2016
201-250,Oregon Health and Science University,United States of America,27.8,21.4,15.7,96,44.6,,2838,1.1,3,65,2016
201-250,Rush University,United States of America,37.7,21.8,17.4,88.9,45.4,,1855,2.1,5,71,2016
201-250,University of South Florida,United States of America,24.8,45.1,35.7,73.4,99.8,,31424,21.5,10,,2016
201-250,Stony Brook University,United States of America,32.6,53.2,22,83,33.4,,21908,10.9,24,50,2016
201-250,University of Texas at Dallas,United States of America,24.3,52.3,26.7,86.8,41.8,,16306,22.8,23,44,2016
201-250,Wake Forest University,United States of America,34.6,24.2,19.5,94.8,42.5,,7326,4.6,5,51,2016
201-250,William & Mary,United States of America,38.5,26.6,17.5,85,29.1,,7867,11.8,7,54,2016
251-300,Colorado School of Mines,United States of America,28.5,35.5,30.3,71.8,83.7,,5287,18.2,12,26,2016
251-300,Colorado State University,United States of America,31.6,34.5,33,59.3,41,,26769,19,5,52,2016
251-300,University of Delaware,United States of America,23.7,41.6,34,70,98.7,,19262,15.9,10,56,2016
251-300,University of Georgia,United States of America,41.1,39.2,30.5,52.2,30.9,,33119,19.9,7,57,2016
251-300,Iowa State University,United States of America,31.2,35.4,29.4,61.5,54,,29991,17.4,11,44,2016
251-300,North Carolina State University,United States of America,36.1,49,30.5,60,40.7,,30533,13.6,11,44,2016
251-300,Oregon State University,United States of America,30.6,42.8,28.5,63.8,32.1,,22578,16.8,9,47,2016
251-300,Rensselaer Polytechnic Institute,United States of America,30.4,40.3,31.5,65.1,79.6,,6671,15,16,30,2016
251-300,Saint Louis University,United States of America,36.9,26.6,10.9,85,29.9,,11919,5.8,8,58,2016
251-300,Syracuse University,United States of America,31.4,38.3,20.8,77.1,36.3,,19660,15.9,15,55,2016
251-300,"University of Tennessee, Knoxville",United States of America,29.5,39.3,23.2,81.4,41.3,,24716,17,5,,2016
251-300,Tulane University,United States of America,39.1,35.3,19.3,67.8,32.4,,11381,8.4,8,56,2016
251-300,Virginia Polytechnic Institute and State University,United States of America,34.9,29.5,38.2,54.2,43.3,,30850,18.6,10,42,2016
301-350,University of Alaska Fairbanks,United States of America,25.1,53.5,23.1,63,51.2,,3837,8.2,7,53,2016
301-350,University of Cincinnati,United States of America,31.3,28.3,20.4,72.1,35.3,,36108,15.7,6,54,2016
301-350,University of Connecticut,United States of America,35.9,43.1,25.6,57,30.9,,25742,13,11,51,2016
301-350,George Mason University,United States of America,29.6,36.9,21.2,64.9,29.1,,26622,17,7,54,2016
301-350,Medical College of Wisconsin,United States of America,25.4,30.4,12.1,85.2,31.8,,1211,0.6,5,48,2016
301-350,University of Nebraska-Lincoln,United States of America,30.1,45.8,30.2,53.5,35.6,,21789,16.4,9,46,2016
301-350,University of Oregon,United States of America,21.2,33.5,22.7,72.6,30.8,,24418,20.2,11,52,2016
351-400,"Binghamton University, State University of New York",United States of America,22.7,53.6,17.4,62,34,,15799,23.3,14,48,2016
351-400,Drexel University,United States of America,31.2,46.3,14.6,57.7,36.3,,20713,10.8,18,48,2016
351-400,University of Houston,United States of America,34.9,33.9,26.5,52,42.3,,40325,43.7,9,50,2016
351-400,University of Missouri,United States of America,31.2,31,21,60.2,31.1,,29885,14.1,5,53,2016
351-400,University of Montana,United States of America,30.8,21.5,13.6,65.5,31,,12470,15.2,3,54,2016
351-400,University of Nebraska Medical Center,United States of America,37,37.7,13.3,64.4,33.6,,2857,2.6,8,67,2016
351-400,University of New Mexico,United States of America,25.6,28.6,15.4,74.5,37,,,,,,2016
351-400,San Diego State University,United States of America,20.3,25.9,27,62.7,29.3,,27420,31.7,5,57,2016
351-400,University of South Carolina,United States of America,31.1,24.5,21.5,58.7,30.3,,29336,16.3,1,55,2016
351-400,University of South Dakota,United States of America,29.3,17.1,12.1,70.4,28,,8003,17.1,2,61,2016
351-400,Temple University,United States of America,34,28.6,18.2,58.3,41.6,,33268,13.3,5,51,2016
351-400,University of Texas at San Antonio,United States of America,18.1,29.6,16.6,74.9,28.6,,27520,26.9,6,48,2016
351-400,Washington State University,United States of America,29,39.6,28.2,49.6,57.1,,24550,18.3,7,50,2016
351-400,Wayne State University,United States of America,31.9,29.6,14.2,65.3,41.7,,23065,10.7,7,57,2016
401-500,American University,United States of America,42.2,28.9,16.5,41.1,35.9,,11604,12,12,60,2016
401-500,Florida International University,United States of America,25.7,32.8,18.1,49.4,32.7,,32566,25.9,7,56,2016
401-500,Georgia State University,United States of America,26.3,29.5,19.5,52.9,28.7,,28534,20.4,5,59,2016
401-500,Howard University,United States of America,38.8,30.3,11,44.5,,,10297,6.8,5,65,2016
401-500,University of Idaho,United States of America,28.3,32,19.4,40.8,32.4,,11641,21.5,6,47,2016
401-500,Lehigh University,United States of America,23.9,36,15,58.2,38.9,,6300,11.3,15,44,2016
401-500,Louisiana State University,United States of America,26.8,26.1,27.7,37.8,,,28116,20.1,6,52,2016
401-500,"University of Maryland, Baltimore County",United States of America,21.3,28.2,18.2,61.3,31.7,,13908,18.1,7,46,2016
401-500,University of San Francisco,United States of America,34.2,40.1,12.9,43.8,28.6,,10788,17,17,63,2016
401-500,State University of New York Albany,United States of America,25.6,31.4,35.3,35.5,28,,15387,18.5,8,51,2016
501-600,University of Arkansas,United States of America,25.5,25.9,17.4,30.3,36.9,,22819,21.2,5,50,2016
501-600,Auburn University,United States of America,30.2,27.9,19.4,21,37.2,,22386,17.6,4,51,2016
501-600,Kansas State University,United States of America,22.9,41.7,17.5,39.3,43.1,,21379,15.1,10,50,2016
501-600,Kent State University,United States of America,18.4,32.4,14.2,53.8,28.5,,23122,19,8,58,2016
501-600,Missouri University of Science and Technology,United States of America,23.5,40.6,18.4,28.7,52.8,,7647,15.5,12,23,2016
501-600,Montana State University,United States of America,17.7,23.5,21.8,48,43,,12331,17.8,4,46,2016
501-600,New Jersey Institute of Technology,United States of America,18.9,48.5,16.6,32.2,32.2,,10646,26.2,17,25,2016
501-600,New Mexico State University,United States of America,19.5,30.5,19.2,47.2,34.6,,15035,18.8,7,54,2016
501-600,University of North Carolina at Greensboro,United States of America,18.2,17.4,15.3,43.1,28.9,,16446,19.2,2,66,2016
501-600,Oklahoma State University,United States of America,27.5,25.6,22.7,33.1,33.7,,21270,21.4,7,49,2016
501-600,Portland State University,United States of America,16.8,31.6,14.4,43.3,44.6,,20398,22.2,8,54,2016
501-600,University of Texas at Arlington,United States of America,20.1,50.3,10.1,50.9,33.4,,29396,10.5,10,60,2016
501-600,University of Toledo,United States of America,31.6,37.7,13.4,29.9,32.9,,19465,17.5,9,50,2016
501-600,University of Tulsa,United States of America,29.7,43.8,12.9,24.6,71.7,,4597,12.5,25,43,2016
501-600,University of Wisconsin-Milwaukee,United States of America,17.3,26,13.8,45.5,29,,22542,18.4,5,52,2016
601-800,"California State University, Long Beach",United States of America,11.6,18.9,10.4,23.3,,,29594,32.3,5,58,2016
601-800,Clemson University,United States of America,21.4,34.6,19.7,27,35.8,,19198,17.1,8,46,2016
601-800,Florida Institute of Technology,United States of America,20.4,62.4,13.5,24.6,33.4,,4408,13.7,26,34,2016
601-800,Miami University,United States of America,19.2,24.8,15.7,36.1,30.2,,16370,20.5,7,53,2016
601-800,Oakland University,United States of America,18.1,23.3,11.9,21.9,30.3,,14584,19.8,2,60,2016
601-800,Ohio University,United States of America,25,33.6,14.9,24.6,30.1,,22224,20,10,50,2016
601-800,Rochester Institute of Technology,United States of America,17.4,29.8,13.4,25.1,30.4,,12965,13.5,13,34,2016
601-800,University of Southern Mississippi,United States of America,21,20.8,11.8,20.1,39.9,,14569,18.5,3,63,2016
601-800,University of Texas at El Paso,United States of America,18.6,30.4,18.7,18.4,,,19123,29,7,54,2016
601-800,Texas Tech University,United States of America,27.9,36.8,17.2,22,,,29512,20.9,7,46,2016
